"lat","long","elev","name","Year","Temp"
-14.3,126.65,23,"KALUMBURU",1980,34.23934
-18.23,127.66,422,"HALLS CREEK",1980,33.0659
-17.95,122.24,7.4,"BROOME AIRPORT",1980,32.60082
-20.37,118.63,6.4,"PORT HEDLAND AIRPORT",1980,33.95378
-21.18,119.75,182.3,"MARBLE BAR",1980,35.29587
-22.24,114.1,5,"LEARMONTH AIRPORT",1980,30.92378
-22.24,118.34,463,"WITTENOOM",1980,32.59553
-24.89,113.67,4,"CARNARVON AIRPORT",1980,27.45273
-26.61,118.54,517,"MEEKATHARRA AIRPORT",1980,29.04481
-29.2,116.02,271.4,"MORAWA AIRPORT",1980,27.4624
-30.28,116.67,324.5,"DALWALLINU",1980,25.78898
-28.8,114.7,29.7,"GERALDTON AIRPORT",1980,25.21694
-31.93,115.98,15.4,"PERTH AIRPORT",1980,24.37049
-34.37,115.14,13,"CAPE LEEUWIN",1980,19.33836
-33.95,116.13,178.7,"BRIDGETOWN",1980,21.39778
-33.83,121.89,25,"ESPERANCE",1980,21.60546
-34.94,117.82,68.4,"ALBANY",1980,19.56311
-31.48,118.28,315,"MERREDIN",1980,25.58087
-31.62,117.22,216.7,"CUNDERDIN",1980,25.25666
-33.69,117.61,320,"KATANNING",1980,21.67322
-32.67,116.67,275,"WANDERING",1980,22.63499
-31.68,128.9,93.1,"EUCLA",1980,23.29016
-30.85,128.11,159,"FORREST",1980,26.14411
-30.78,121.45,365.3,"KALGOORLIE-BOULDER",1980,25.50601
-25.03,128.3,598,"GILES",1980,30.2429
-12.42,130.89,30.4,"DARWIN",1980,32.34836
-16.4,131.01,88.5,"VICTORIA RIVER DOWNS",1980,35.46555
-19.64,134.18,375.7,"TENNANTCREEKAIRPORT",1980,32.77885
-23.8,133.89,546,"ALICE SPRINGS",1980,30.69754
-20.18,130.01,340,"RABBIT FLAT",1980,35.19083
-31.16,136.81,166.6,"WOOMERA",1980,26.76284
-30.71,134.58,123,"TARCOOLA",1980,27.24536
-27.56,135.45,116.5,"OODNADATTA",1980,30.23197
-29.66,138.07,50,"MARREE",1980,29.08802
-32.13,133.7,15.3,"CEDUNAAMO",1980,23.59614
-33.13,135.55,59,"KYANCUTTA",1980,25.53453
-34.6,135.88,8.5,"PORT LINCOLN",1980,21.02857
-33.77,138.22,109.1,"RAYVILLEPARK",1980,23.78892
-35.75,136.6,158,"CAPEBORDA",1980,18.94945
-34.92,138.62,48,"KENTTOWN",1980,22.71612
-34.48,139.01,275,"NURIOOTPAPIRSA",1980,21.61257
-37.75,140.77,63,"MOUNT GAMBIER",1980,19.64617
-37.16,139.76,3.3,"ROBE",1980,18.66037
-12.68,141.92,18,"WEIPAAERO",1980,32.69752
-10.58,142.29,4,"HORNISLAND",1980,30.13415
-16,144.08,203.8,"PALMERVILLE",1980,32.82857
-17.69,141.07,18.4,"NORMANTON",1980,33.67814
-17.75,139.54,5.7,"BURKETOWN",1980,33.1557
-20.73,143.14,211.1,"RICHMOND POST OFFICE",1980,33.8449
-18.3,143.53,301.8,"GEORGETOWN",1980,32.34481
-16.87,145.75,2.2,"CAIRNSAERO",1980,29.01781
-19.25,146.77,4.3,"TOWNSVILLE",1980,29.47787
-21.12,149.22,30.3,"MACKAY",1980,26.3526
-20.05,146.27,289.8,"CHARTERS TOWERS",1980,30.0326
-23.55,145.29,266.9,"BARCALDINE",1980,30.67753
-23.44,144.28,192.2,"LONGREACH",1980,31.86441
-19.92,138.12,231.2,"CAMOOWEAL",1980,34.33778
-22.91,139.9,161.8,"BOULIA",1980,33.10683
-25.9,139.35,46.6,"BIRDSVILLE",1980,31.72672
-25.62,151.62,110.9,"GAYNDAH",1980,29.2728
-23.38,150.48,10.4,"ROCKHAMPTON",1980,28.7761
-24.91,152.32,30.8,"BUNDABERGAERO",1980,27.64073
-27.63,152.71,24.2,"AMBERLEYAMO",1980,27.52322
-27.03,153.47,99.9,"CAPE MORETON LIGHTHOUSE",1980,23.95234
-27.39,153.13,4.5,"BRISBANEAERO",1980,25.59399
-26.66,150.18,304.8,"MILES CONSTANCE STREET",1980,27.95718
-28.05,148.59,198.5,"ST GEORGE AIRPORT",1980,28.22312
-26.41,146.26,301.6,"CHARLEVILLE",1980,29.39262
-27.99,143.82,130.9,"THARGOMINDAH",1980,30.12692
-31.52,143.39,94.3,"WILCANNIA",1980,28.18994
-29.44,142.06,176.4,"TIBOOBURRA",1980,28.86421
-31.48,145.83,260,"COBARMO",1980,26.47678
-30.04,145.95,107.3,"BOURKE",1980,28.58033
-33.94,147.2,257,"WESTWYALONG",1980,23.5978
-30.04,148.12,133,"WALGETT",1980,27.74426
-29.49,149.85,213,"MOREEAERO",1980,27.8776
-31.03,150.27,307,"GUNNEDAH",1980,25.98846
-29.78,151.11,582,"INVERELL",1980,25.08978
-29.43,153.36,27.4,"YAMBA PILOT STATION",1980,24.33168
-30.32,153.12,3.5,"COFFS HARBOUR",1980,24.4811
-31.43,152.87,4.2,"PORT MACQUARIE",1980,23.7528
-32.79,151.84,7.5,"WILLIAMTOWN",1980,24.56175
-32.03,150.83,221.4,"SCONE",1980,25.64071
-33.43,149.56,713,"BATHURS TAGRICULTURAL STATION",1980,21.18069
-32.22,148.58,284,"DUBBO",1980,25.44508
-33.86,151.21,39,"SYDNEY (OBSERVATORYHILL)",1980,23.75984
-33.6,150.78,19,"RICHMOND",1980,25.30847
-34.95,150.54,109,"NOWRARAN",1980,22.9261
-35.09,150.8,85,"POINT PERPENDICULAR",1980,20.92297
-35.91,150.15,17,"MORUYAHEADS",1980,21.21302
-35.31,149.2,577.1,"CANBERRA AIRPORT",1980,20.8263
-35.16,147.46,212,"WAGGA WAGGA",1980,23.12377
-35.94,148.38,1482.4,"CABRAMURRA",1980,12.164463
-35.56,144.95,94,"DENILIQUIN",1980,23.56202
-34.24,142.09,50,"MILDURA",1980,24.97213
-36.31,141.65,138.9,"NHILL",1980,22.7179
-35.72,143.92,77.7,"KERANG",1980,23.27507
-36.1,146.51,175,"RUTHERGLEN",1980,22.30806
-37.57,149.92,15.2,"GABOISLAND LIGHTHOUSE",1980,18.57869
-37.69,148.47,62.7,"ORBOST",1980,20.74361
-38.12,147.13,4.6,"EASTSALE",1980,20.48497
-39.13,146.42,95,"WILSONS PROMONTORY LIGHTHOUSE",1980,16.89525
-37.83,144.98,7.5,"MELBOURNE(OLYMPICPARK)",1980,20.06311
-37.86,144.76,20.1,"LAVERTON",1980,20.36503
-38.86,143.51,82,"CAPE OTWAY LIGHTHOUSE",1980,17.42767
-41.05,146.79,3,"LOWHEAD",1980,16.18192
-41.55,147.22,166.9,"LAUNCESTONAIRPORT",1980,17.98743
-40.99,148.35,19.7,"LARAPUNA(EDDYSTONEPOINT)",1980,17.9337
-43.49,147.15,55,"CAPEBRUNY LIGHTHOUSE",1980,15.23552
-42.89,147.33,50.5,"HOBART(ELLERSLIEROAD)",1980,17.75956
-42.99,147.07,65,"GROVE(RESEARCHSTATION)",1980,17.86354
-42.28,146.28,667,"BUTLERS GORGE",1980,13.24789
